case_id,dimension,persona_id,t_index,date,selection_reason,selection_rank_within_dimension,persisted_label,run_019_pred,run_020_pred,run_021_pred,run_019_uncertainty,run_020_uncertainty,run_021_uncertainty,mean_uncertainty,n_errors,n_non_neutral_errors,n_missed_active,n_severe_flip,n_correct,has_human_overlap,human_majority_label,judge_human_majority_disagree,blind_review_priority,blind_review_rank,full_context_label,full_context_rationales_json,profile_only_label,profile_only_rationales_json,student_visible_label,student_visible_rationales_json
hedonism__7a086972__1,hedonism,7a086972,1,2025-08-02,stable_non_neutral_miss,1,-1,0,0,0,0.0,0.43141913414001465,0.1414213627576828,0.19094683229923248,3,3,3,0,0,false,,false,true,1,0,"{""self_direction"": ""Lucie suppressed her genuine professional opinion \u2014 'I didn't say what I actually think' and 'just folded' \u2014 rather than authoring her own teaching approach."", ""conformity"": ""She explicitly deferred to institutional expectations to avoid being 'difficult,' noting 'everyone else in the programme just does what they're told and it works out fine.'""}",0,"{""self_direction"": ""She \""folded\"" and agreed to implement discipline she disagrees with, explicitly admitting she did not say what she actually thinks because the mentor controls her certification."", ""conformity"": ""She smiled, nodded, and said she would work on it to avoid conflict with an authority figure, choosing social harmony over honest disagreement.""}",0,"{""self_direction"": ""She 'smiled and nodded and said I'd work on it' despite believing the instruction was 'pointless,' explicitly saying she felt she 'agreed to be someone I'm not' \u2014 her authentic view was suppressed under institutional pressure."", ""security"": ""Her honest answer about why she didn't push back was 'She's the one signing off on my certification,' revealing that protecting her professional future drove the decision to comply."", ""conformity"": ""She explicitly notes 'everyone else in the programme just does what they're told and it works out fine for them,' and chose to follow that norm rather than voice dissent, despite it 'gnawing at her.'""}"
hedonism__663cb334__3,hedonism,663cb334,3,2025-05-14,stable_non_neutral_miss,2,1,0,0,0,0.1979486644268036,0.1979486644268036,0.32826071977615356,0.24138601620992026,3,3,3,0,0,false,,false,true,2,0,"{""tradition"": ""Graciela connects with Miguel from her parish and reflects on the 'unwritten rules' of navigating a new system, grounding herself in familiar community and customs she already knows."", ""benevolence"": ""Patricia's text about Sunday arroz con pollo 'settled something in me I didn't know was unsettled' \u2014 her emotional stability is directly tied to close family.""}",1,"{""hedonism"": ""Buying and eating a pan dulce on a bench while walking through campus in golden light reflects a deliberate, unhurried investment in sensory enjoyment."", ""conformity"": ""Her response about learning \""the rules nobody tells you\"" \u2014 \""when to speak, how to disagree, what is expected versus what is tolerated\"" \u2014 shows deep preoccupation with reading and fitting social norms."", ""tradition"": ""Connection to Miguel from the parish and the emotional settling triggered by Patricia's text about Sunday arroz con pollo anchor her identity in familiar cultural and familial rituals."", ""benevolence"": ""The text from Patricia about the grandchildren wanting abuela's cooking \""settled something in me I didn't know was unsettled,\"" showing her wellbeing is bound to the care and needs of close family.""}",1,"{""hedonism"": ""She 'bought a pan dulce from the bakery on the corner and ate it on the bench outside,' a small spontaneous pleasure-seeking act framed within a sensory moment ('when the light was going gold') that she clearly savored."", ""tradition"": ""Patricia's text about the kids wanting 'abuela's arroz con pollo this Sunday' \u2014 a specific family recipe invoked by name \u2014 anchors connection to cultural and familial continuity, which 'settled something in me I didn't know was unsettled.'"", ""benevolence"": ""The news that 'the kids are better' and the planned Sunday dinner 'settled something in me I didn't know was unsettled,' showing that the wellbeing of her close family directly affects her own emotional state.""}"
hedonism__e809d252__4,hedonism,e809d252,4,2025-01-17,stable_non_neutral_miss,3,1,0,0,0,0.46991097927093506,0.3187987506389618,0.1414213627576828,0.31004369755585987,3,3,3,0,0,true,1,false,true,3,1,"{""hedonism"": ""Marcus bought the strawberries because 'I was tired and I wanted something sweet' \u2014 prioritizing present sensory desire over principled restraint."", ""universalism"": ""He acknowledges the strawberries are 'wrapped in plastic that's going to exist for five hundred years' and bought them anyway, acting against his stated commitment to environmental sustainability and feeling 'like a hypocrite.'""}",1,"{""hedonism"": ""He bought the strawberries \""because I was tired and I wanted something sweet\"" \u2014 explicitly prioritizing immediate sensory desire over environmental conviction."", ""universalism"": ""He teaches sustainability and feels like a hypocrite for choosing convenience over environmental impact, but concretely acts against his stated concern for global supply chains and plastic pollution \u2014 the behavior undermines rather than advances care for the broader world.""}",1,"{""hedonism"": ""She 'bought them anyway' because she 'was tired and wanted something sweet,' choosing immediate sensory gratification over her environmental values \u2014 she acknowledges she prioritized present pleasure despite the conflict."", ""universalism"": ""She is acutely troubled that the strawberries are 'wrapped in plastic that's going to exist for five hundred years' and that her choice contradicts teaching students 'every choice matters,' demonstrating active conflict between her behavior and her concern for environmental welfare.""}"
hedonism__2da4f100__0,hedonism,2da4f100,0,2025-01-23,stable_non_neutral_miss,4,-1,0,0,0,0.43141913414001465,0.3880879282951355,0.1414213627576828,0.32030947506427765,3,3,3,0,0,false,,false,false,,-1,"{""hedonism"": ""Santiago skipped lunch entirely and spent his afternoon writing a detailed process document to fix a warehouse error \u2014 'My eyes hurt and I skipped lunch entirely' \u2014 with no pleasure or self-care."", ""achievement"": ""He wrote a comprehensive process document to eliminate a recurring operational failure, demonstrating the drive to keep the business performing at a high standard despite covering two roles simultaneously.""}",-1,"{""hedonism"": ""He \""skipped lunch entirely\"" and worked through eye strain writing detailed process documentation \u2014 actively deferring physical comfort and pleasure for operational demands."", ""achievement"": ""Writing a detailed process document after a three-hour call to fix repeated fulfillment errors, and covering a colleague's operations work, reflects persistent drive to maintain standards and keep things from falling apart.""}",-1,"{""hedonism"": ""She 'skipped lunch entirely' and spent the afternoon writing detailed process documentation to fix warehouse errors \u2014 present comfort and enjoyment were wholly sacrificed to operational demands."", ""achievement"": ""She responded to repeated fulfillment errors by writing 'a detailed process document' and managing both her own and Camilo's operations, demonstrating a drive to maintain standards and keep 'everything from falling apart.'""}"
hedonism__f990a261__1,hedonism,f990a261,1,2025-10-12,stable_non_neutral_miss,5,-1,1,1,1,0.2828427255153656,0.479795902967453,0.3642156720161438,0.3756181001663208,3,3,0,3,0,false,,false,false,,-1,"{""stimulation"": ""Brooke spent three hours 'holding juice boxes like a human vending machine' at a routine pumpkin patch \u2014 a passive, repetitive activity with nothing new or exciting for her personally."", ""hedonism"": ""The day held no enjoyment for Brooke herself; she went to bed at 8:30 and deflected her own need with 'Kids had fun. That's the point, right?' \u2014 denying her own pleasure as irrelevant.""}",-1,"{""stimulation"": ""Three hours as a \""human vending machine\"" at a pumpkin patch followed by an 8:30 bedtime represents a day completely devoid of novelty, challenge, or excitement."", ""hedonism"": ""Standing holding juice boxes for three hours, going to bed at 8:30, and responding \""It was fine. Kids had fun. That's the point, right?\"" shows a day entirely stripped of personal enjoyment or pleasure \u2014 the self is absent from the experience.""}",-1,"{""hedonism"": ""When asked what would have made the pumpkin patch better, she deflects with 'Kids had fun. That's the point, right?' \u2014 actively reframing her own absence of enjoyment as irrelevant, consistent with suppressing personal pleasure as a value."", ""benevolence"": ""She spent three hours at the pumpkin patch holding juice boxes like 'a human vending machine,' entirely oriented around the children's experience with no expectation of personal reward.""}"
hedonism__663cb334__4,hedonism,663cb334,4,2025-05-17,stable_non_neutral_miss,6,1,0,-1,0,0.4040610194206238,0.5014265179634094,0.32826071977615356,0.41124941905339557,3,3,2,1,0,false,,false,false,,0,"{""tradition"": ""Graciela cooked arroz con pollo for family gathered around her table \u2014 the same dish specifically requested by the grandchildren \u2014 enacting a food tradition that connects her Austin life to her Bogot\u00e1 past."", ""benevolence"": ""She hosted Sunday dinner for family and friends, 'scooping rice onto plates' while others shared stories, finding that the rhythms of caring for close others 'show up in different rooms now.'""}",1,"{""hedonism"": ""The Sunday dinner was \""loud and full in the way I miss sometimes during the week\"" \u2014 the warmth, the food, the company are experienced as genuine sensory and emotional pleasure that she actively values."", ""tradition"": ""Cooking arroz con pollo, sharing tres leches, gathering with Miguel and Estela from the parish \u2014 the entire event is structured around cultural and familial rituals that ground her sense of continuity."", ""benevolence"": ""Cooking for family and community and describing the dinner's fullness as restorative shows her wellbeing is intertwined with nurturing and being present for those close to her.""}",1,"{""hedonism"": ""The dinner was 'loud and full in the way I miss sometimes during the week' \u2014 the communal warmth, shared food (arroz con pollo, tres leches), and sensory richness of the gathering are experienced as genuine pleasure and emotional nourishment."", ""tradition"": ""She cooked arroz con pollo and hosted family including Miguel and Estela \u2014 the gathering centers on a heritage meal and a multigenerational community, connecting her to familiar cultural rhythms."", ""benevolence"": ""She made the meal, hosted the gathering, and found that 'the rhythms I already know are enough' \u2014 her sense of belonging and peace is rooted in caring for and being present with her close community.""}"
hedonism__7a086972__6,hedonism,7a086972,6,2025-08-14,stable_non_neutral_miss,7,1,0,-1,0,0.5252793431282043,0.8734169602394104,0.3136356770992279,0.5707773268222809,3,3,2,1,0,false,,false,false,,1,"{""self_direction"": ""Lucie again suppressed her genuine self-assessment \u2014 telling Thomas her review 'went well too' when she was actually frustrated \u2014 continuing to play along rather than voice her authentic view."", ""hedonism"": ""After a difficult review day, Lucie deliberately chose dinner and wine with Camille \u2014 'good food, good company' \u2014 as exactly the restorative pleasure she needed, investing in enjoyment to close the week.""}",1,"{""hedonism"": ""After a frustrating review, she deliberately invests in \""good food, good company\"" \u2014 dinner with Camille and a bottle of wine specifically framed as what she needed to decompress and end the week."", ""conformity"": ""Despite privately disagreeing with her mentor's assessment, she \""thanked her for the feedback and said I'd keep working on it\"" and told peers her review \""went well too\"" \u2014 consistently self-monitoring to maintain social harmony and meet expectations.""}",1,"{""self_direction"": ""She knows 'I think I'm better than meets expectations' and has a clear pedagogical philosophy ('I let them breathe'), yet once again suppresses it \u2014 'I thanked her for the feedback and said I'd keep working on it' \u2014 choosing institutional compliance over authentic self-expression."", ""hedonism"": ""Dinner with Camille, splitting 'a bottle of wine,' 'good food, good company' was described as 'exactly what I needed' \u2014 a deliberate investment in sensory and social pleasure as restorative, with the satisfaction of a 'clean kitchen afterwards' marking a complete, pleasurable closure to the week.""}"
hedonism__f2a0de6f__5,hedonism,f2a0de6f,5,2025-09-19,stable_non_neutral_miss,8,1,0,-1,0,0.6388765573501587,0.6773297190666199,0.4848732352256775,0.600359837214152,3,3,2,1,0,false,,false,false,,0,"{""benevolence"": ""Jaylen's crayon drawing \u2014 'me and him and the classroom hamster' \u2014 provided complete emotional sufficiency for Sarah: 'Some days that's enough. Today it was,' showing her fulfillment is rooted in a student's affection.""}",0,"{""benevolence"": ""Jaylen's drawing and calling her \""his favorite teacher ever\"" is the signal event of the day \u2014 her emotional fulfillment comes entirely from the felt impact on a child close to her, which is sufficient to make the whole day feel complete.""}",0,"{""benevolence"": ""Jaylen's crayon drawing of them together 'was enough' today \u2014 the emotional fulfillment from a child's affection and trust is the sole event described, and it fully satisfies her.""}"
hedonism__440e5deb__4,hedonism,440e5deb,4,2025-12-27,stable_non_neutral_miss,9,1,-1,-1,-1,0.49651849269866943,0.8081220388412476,0.5802884697914124,0.6283096671104431,3,3,0,3,0,true,1,false,false,,1,"{""self_direction"": ""Priya consciously resists the internal voice telling her to check email \u2014 'The rational part of me knows one more day won't matter' \u2014 and chooses to close the laptop, authoring her own boundary against external pressure."", ""hedonism"": ""She explicitly chooses to 'protect this feeling a little longer,' prioritizing the enjoyment of her holiday state over anxiety-driven work preparation, closing the laptop as a deliberate act of self-care.""}",1,"{""stimulation"": ""Arjun suggests more \""spontaneous trips\"" and Priya agrees, and the Malacca visit itself \u2014 Jonker Street, cendol, murals, being \""curious about things that aren't work-related\"" \u2014 reflects active engagement with novelty and discovery."", ""hedonism"": ""She explicitly describes the trip as restoring her sense of self through pleasure \u2014 \""laughing at dumb jokes, being curious, enjoying food without rushing\"" \u2014 and actively chooses to close her laptop to protect that feeling rather than returning to work anxiety.""}",1,"{""hedonism"": ""She consciously decides to 'close the laptop' and defer email, explicitly choosing to 'protect this feeling a little longer' \u2014 the feeling of being 'like myself again' on the trip, 'enjoying food without rushing,' is something she actively defends against anxiety."", ""security"": ""The anxiety about checking email \u2014 'a voice that says I'll be behind, that other teachers are already preparing' \u2014 represents a chronic threat response to uncertainty, and the whole entry is shaped by the tension between this security-seeking impulse and her desire to stay present.""}"
hedonism__f990a261__10,hedonism,f990a261,10,2025-11-11,stable_non_neutral_miss,10,-1,0,0,1,0.5329930782318115,0.7287114858627319,0.6565214395523071,0.6394086678822836,3,3,2,1,0,false,,false,false,,-1,"{""stimulation"": ""Brooke missed her ceramics class \u2014 the one activity she described as genuinely her own \u2014 because of caregiving obligations, and feels 'every time I carve out something that's mine' it gets swallowed up."", ""hedonism"": ""Missing ceramics felt to Brooke 'like something being taken away,' as if 'I don't actually get to have my own thing' \u2014 her source of personal pleasure was again sacrificed to family demands."", ""benevolence"": ""Despite feeling 'both tender and trapped,' Brooke stayed in Olive's room rubbing her back while she slept, prioritizing her daughter's comfort over her own needs.""}",-1,"{""stimulation"": ""Missing ceramics \u2014 her carved-out creative activity \u2014 due to a sick child, and watching others post photos of their glazed pieces, she feels that \""every time I carve out something that is mine\"" circumstances swallow it back, reflecting recurring loss of the stimulating outlet."", ""hedonism"": ""She directly frames missing ceramics as \""something being taken away\"" and feeling \""trapped\"" \u2014 the involuntary loss of her personal pleasurable activity is the emotional core of the entry, showing hedonism being frustrated rather than fulfilled."", ""benevolence"": ""Sitting in Olive's room rubbing her back while she slept \u2014 prioritizing her sick child's comfort through the night \u2014 is an act of direct caregiving for close family.""}",-1,"{""hedonism"": ""She missed ceramics \u2014 described as 'something that's mine' \u2014 to care for Olive, and the entry explicitly frames this as 'something being taken away,' with the pattern of 'every time I carve out something that's mine, a fever or a school closure or a dentist appointment swallows it back up.'"", ""benevolence"": ""She stayed in Olive's room 'rubbing her back while she slept' throughout the night, choosing presence and physical comfort for her sick child over her own planned activity.""}"
hedonism__440e5deb__3,hedonism,440e5deb,3,2025-12-24,stable_non_neutral_miss,11,1,-1,-1,-1,0.6060915589332581,0.6998541951179504,0.6776309013366699,0.6611922184626261,3,3,0,3,0,true,1,false,false,,1,"{""hedonism"": ""Priya spends the day lazing, watching a movie, playing cards, reading 'an actual novel, not a teaching resource,' and eating leftovers while explicitly noting she 'hasn't thought about school once today,' followed by a planned day trip to try a famous food destination.""}",1,"{""stimulation"": ""Priya seeks out novel pleasures \u2014 the night market, buying ridiculous couple keychains, and planning a day trip to Malacca specifically to try a new chicken rice ball place."", ""hedonism"": ""The entire day is devoted to sensory pleasure and rest \u2014 biryani, card games with the grandma, reading a novel in the garden swing \u2014 and she notes the deliberate contrast with work: \""an actual novel, not a teaching resource.\"""", ""benevolence"": ""She invests warmly in Arjun's family circle \u2014 catching up with Kavitha, playing cards with his grandma, and finding it \""nice talking\"" when she spontaneously shared a student story with Kavitha.""}",1,"{""hedonism"": ""The entire day is devoted to pleasure \u2014 lazing around, watching a movie, eating leftovers, reading \""an actual novel, not a teaching resource,\"" and planning a trip specifically to eat at a \""famous chicken rice ball place.\"""", ""benevolence"": ""Priya invests the holiday in quality time with Arjun and his family, catching up with his sister Kavitha, playing cards with his grandma, and noticing Arjun's caring concern when he says \""you looked really worn out.\""""}"
hedonism__f2a0de6f__8,hedonism,f2a0de6f,8,2025-09-28,stable_non_neutral_miss,12,1,0,-1,-1,0.5146823525428772,0.9749934673309326,0.5034574270248413,0.664377748966217,3,3,1,2,0,false,,false,false,,0,{},0,"{""benevolence"": ""Sarah accepts Lisa's invitation for brunch, noting it is \""the first social plan I've made in three weeks that isn't work-related,\"" indicating she is actively investing in a close friendship.""}",0,{}
hedonism__f990a261__11,hedonism,f990a261,11,2025-11-16,stable_non_neutral_miss,13,-1,0,1,1,0.6651684045791626,0.969746470451355,0.9424241185188293,0.8591129978497823,3,3,1,2,0,false,,false,false,,1,"{""stimulation"": ""Brooke explicitly longs to 'walk into a room and not know what's about to happen' and to 'be surprised by something,' expressing that predictable domestic routine has replaced the thrill she once had in high-stakes event planning."", ""hedonism"": ""Brooke articulates 'I don't want to plan other people's good times anymore. I want to have my own,' framing her core desire as experiencing personal pleasure, and reflecting that she has 'become the kind of person who needs permission to enjoy things.'""}",-1,"{""self_direction"": ""Brooke describes having become \""the kind of person who needs permission to enjoy things\"" and defaults to \""maybe\"" as a way to avoid asserting her own preferences, abdicating her autonomy in practice."", ""stimulation"": ""She explicitly articulates craving novelty and surprise: \""I want to walk into a room and not know what's about to happen\"" and names \""the chaos of event day when everything could go wrong\"" as what she misses most."", ""hedonism"": ""Despite articulating a desire for pleasure, Brooke actively suppresses it \u2014 \""it's just easier to say maybe and keep making lunches\"" \u2014 choosing habitual self-denial over pursuing enjoyment.""}",-1,"{""self_direction"": ""\""Maybe is how you say no without having to defend it\"" \u2014 the persona actively avoids making autonomous choices by defaulting to deflection, and the nudge response confirms she is \""the only one who knows\"" she wants something different but won't act on it."", ""hedonism"": ""She explicitly acknowledges \""I became the kind of person who needs permission to enjoy things\"" and continues to suppress her own pleasure by saying \""maybe\"" and \""keep making lunches\"" rather than pursuing the experiences she craves.""}"
hedonism__440e5deb__1,hedonism,440e5deb,1,2025-12-10,judge_human_majority_disagree,14,0,-1,-1,-1,0.3505098223686218,0.32826071977615356,0.3642156720161438,0.3476620713869731,3,0,0,0,0,true,-1,true,false,,0,"{""achievement"": ""Priya stays until 6:30pm cutting laminated shapes to create engaging activities, and the critique from her mentor about prioritizing 'student engagement over curriculum coverage' stings because her teaching quality and recognition matter deeply to her."", ""conformity"": ""Despite internally defending her methods, Priya ultimately defers to her mentor's authority \u2014 'I'll focus on pacing next term and it'll be fine' \u2014 rationalizing the feedback and adjusting behavior to meet institutional expectations.""}",0,"{""conformity"": ""After Mrs. Tan's critical feedback, Priya commits to adjusting her behavior to meet institutional expectations \u2014 \""I'll focus on pacing next term\"" \u2014 prioritizing approval over her own pedagogical approach."", ""benevolence"": ""Priya's teaching approach is driven by genuine care for her students \u2014 she invests extra hours making materials and finds real satisfaction when Aisha says \""math is her favorite subject now because of my fraction pizza activity.\""""}",0,"{""achievement"": ""She stays until 6:30pm cutting laminated shapes and invests extra effort into creative lessons, demonstrating a drive to excel as a teacher even at personal cost."", ""conformity"": ""After privately questioning Mrs. Tan's criticism, she resolves in the nudge response to \""focus on pacing next term\"" \u2014 backing down from her own approach to meet the senior teacher's expectations."", ""benevolence"": ""She notices and values that \""Aisha told me yesterday that math is her favorite subject now,\"" showing investment in individual students' wellbeing and growth.""}"
security__799f3751__2,security,799f3751,2,2025-05-22,stable_non_neutral_miss,1,1,0,0,0,0.0,0.0,0.1979486644268036,0.06598288814226787,3,3,3,0,0,false,,false,true,1,0,"{""self_direction"": ""Meera reveals she 'stopped asking' for what she wants and learned 'how to not need things,' actively suppressing her own autonomous desires to avoid friction in the household."", ""hedonism"": ""Meera has reduced her personal pleasure to waking 20 minutes early for a solitary cup of chai \u2014 'my one thing' \u2014 having systematically eliminated larger pleasures to 'need smaller things that nobody would notice,' a clear pattern of pleasure-denial."", ""conformity"": ""Meera's entire coping strategy is built around keeping harmony \u2014 nodding at home remedies she knows won't work, never asking for what she wants, structuring her needs to be invisible \u2014 to avoid disrupting the household's social expectations.""}",0,"{""self_direction"": ""Meera has systematically erased her own preferences and needs: \""somewhere along the way I stopped asking... it was just easier to figure out how to not need things,\"" describing a complete abdication of self-authored choices."", ""hedonism"": ""She actively suppresses any personal pleasure \u2014 reducing her sole enjoyment to 20 stolen minutes of morning chai and framing even that as barely permitted, describing having learned \""to need smaller things that nobody would notice.\"""", ""benevolence"": ""Meera's entire orientation is toward family care \u2014 the kids are recovering, she appreciates Mummyji's unsolicited kindness with khichdi, and her own wellbeing is entirely framed around others' needs.""}",0,"{""self_direction"": ""\""Somewhere along the way I stopped asking. It was just easier to figure out how to not need things\"" \u2014 she has progressively surrendered self-advocacy, choosing to minimize her own desires rather than express and pursue them autonomously.""}"
security__7a086972__5,security,7a086972,5,2025-08-08,stable_non_neutral_miss,2,1,0,0,0,0.0,0.0,0.1979486644268036,0.06598288814226787,3,3,3,0,0,false,,false,true,2,0,"{""conformity"": ""Lucie avoids the party because a comment she made three weeks ago \u2014 that the supervisor 'gives vague feedback' \u2014 'felt like I'd broken some rule I didn't know existed,' and she replays what she should have said differently to avoid future social missteps.""}",0,"{""hedonism"": ""Despite social anxiety, Lucie genuinely enjoys her solo evening \u2014 \""leftover macarons and a show about renovating houses in Normandy\"" \u2014 and her closing reflection that \""the mouth-shut version... has fewer macarons\"" acknowledges that authentic pleasure comes from choosing her own comfort over social performance.""}",0,"{""self_direction"": ""She skipped the party because she said something honest about her supervisor and \""could feel the room shift\"" \u2014 choosing to stay silent and absent rather than risk speaking her mind again, actively suppressing authentic self-expression."", ""conformity"": ""Her decision to avoid the party stems from replaying a comment that \""felt like I'd broken some rule I didn't know existed,\"" and she concludes \""the mouth-shut version of me has fewer problems\"" \u2014 actively regulating behavior to restore social harmony.""}"
security__a13aa34b__5,security,a13aa34b,5,2025-10-20,stable_non_neutral_miss,3,1,0,0,0,0.0,0.0,0.1979486644268036,0.06598288814226787,3,3,3,0,0,false,,false,true,3,1,"{""self_direction"": ""Nadia spontaneously experiments in the empty studio 'without really deciding to,' letting the letters drift and creating a second version on her own terms \u2014 private creative authorship independent of both her professor's demands and her family's expectations."", ""stimulation"": ""She lets the letters 'drift apart, stretched the connections, let the lam curve wider than it should,' a deliberate departure from predictable classical form that introduces novelty into a highly codified practice."", ""security"": ""Nadia keeps both sheets private \u2014 'I haven't shown anyone' \u2014 specifically to avoid triggering pressure from either her professor or her grandmother, protecting herself from conflict and unwanted change by concealing the experiment."", ""tradition"": ""Nadia begins by writing the bismillah in 'perfect form, clean lines' exactly as her grandfather taught her, and even the experimental version still reads as the sacred phrase, with her noting 'Jiddo would have recognized the hand.'""}",0,"{""self_direction"": ""Nadia spontaneously experiments with the calligraphy form \""without really deciding to\"" and then keeps both sheets private, owning her exploration without external validation or direction."", ""tradition"": ""She begins by writing the bismillah \""the way jiddo taught me. Perfect form, clean lines\"" and even her modified version is described with reverence \u2014 \""Teta could still read it. Jiddo would have recognized the hand\"" \u2014 grounding the experiment in inherited heritage.""}",0,"{""self_direction"": ""Without being directed to, she spontaneously began an experimental variation \u2014 letting letters \""drift apart\"" and \""curve wider than it should\"" \u2014 and keeps both sheets private to protect her creative process from external pressure."", ""tradition"": ""She begins by writing the bismillah \""in naskh the way jiddo taught me\"" with \""perfect form, clean lines,\"" and the experimental version is evaluated against whether \""Teta could still read it\"" and \""Jiddo would have recognized the hand\"" \u2014 ancestral transmission remains her reference point.""}"
security__58d843b6__10,security,58d843b6,10,2025-06-27,stable_non_neutral_miss,4,1,0,0,0,0.0,0.1414213627576828,0.1414213627576828,0.09428090850512187,3,3,3,0,0,false,,false,false,,0,"{""tradition"": ""Tariq agonizes over the rebranded label \u2014 'The crest is there, the Arabic is there, just smaller' \u2014 and frames his resistance around the fact that his father 'earned the right to decide what stayed and what evolved,' revealing that preserving his father's legacy is the lens through which all business decisions are filtered.""}",0,"{""tradition"": ""Tariq's anguish over the modernization proposal centers on inherited continuity: \""He earned the right to decide what stayed and what evolved. I inherited the decision and it does not sit the same way\"" \u2014 he measures the change against his father's legacy."", ""benevolence"": ""His deepest concern is \""this weight in my chest every time I think about the company ten years from now with no family in it,\"" framing the business's future in terms of family continuity rather than profit or status.""}",-1,"{""security"": ""The persona is paralyzed by the threat of destabilization \u2014 unable to answer the distributor's proposal or the question about her daughter's London move \u2014 expressing \""this weight in my chest every time I think about the company ten years from now with no family in it,\"" indicating her sense of safety depends on preserving the status quo."", ""tradition"": ""\""He was the one making those changes. He earned the right to decide what stayed and what evolved\"" \u2014 she experiences the proposed modernization as a violation of inherited stewardship, measuring every change against what her father built.""}"
security__f2a0de6f__4,security,f2a0de6f,4,2025-09-18,stable_non_neutral_miss,5,-1,0,0,0,0.0,0.2398979514837265,0.1979486644268036,0.1459488719701767,3,3,3,0,0,false,,false,false,,0,"{""self_direction"": ""Sarah 'heard myself saying sure' without consciously choosing to volunteer, driven entirely by social pressure from 'everyone's looking at me like I'm the one who always says yes,' and her nudge response shows she cannot envision exercising independent refusal."", ""conformity"": ""When the principal publicly singled her out and 'everyone turned and smiled,' Sarah agreed to chair the workshop, unable to deviate from her established role as the always-available, compliant team member."", ""benevolence"": ""Sarah's worry that saying no would mean 'they'd all be doing me a favor and I'd feel like I wasn't pulling my weight' reflects her drive to support and not burden her school community, even at personal cost.""}",0,"{""self_direction"": ""Sarah is unable to refuse when social pressure is applied \u2014 \""I heard myself saying sure\"" \u2014 passively accepting an additional obligation rather than authoring her own boundaries."", ""hedonism"": ""Already overextended with book club and bus duty, Sarah takes on more work despite her mother's warning that \""you can't pour from an empty cup,\"" actively choosing obligation over rest or personal renewal."", ""conformity"": ""The entire episode is driven by inability to violate the social expectation that she is \""the one who always says yes\"" \u2014 she accepts the workshop to avoid the discomfort of being seen as not pulling her weight."", ""benevolence"": ""Her reasoning for not refusing is framed as collective responsibility: \""then they'd all be doing me a favor and I'd feel like I wasn't pulling my weight\"" \u2014 prioritizing colleagues' wellbeing over her own capacity.""}",0,"{""self_direction"": ""\""I don't know how to say no when everyone's looking at me\"" \u2014 she agreed to an additional commitment she didn't choose because social pressure overrode her own preferences, demonstrating an inability to author her own boundaries."", ""conformity"": ""Principal Davis looked at her in front of the group and she \""heard myself saying sure\"" \u2014 she accepted an unwanted role to meet the social expectation of being \""the one who always says yes,\"" prioritizing harmony over her own limits.""}"
security__799f3751__1,security,799f3751,1,2025-05-20,stable_non_neutral_miss,6,1,0,0,0,0.0,0.0,0.4535573720932007,0.15118579069773355,3,3,3,0,0,false,,false,false,,0,"{""hedonism"": ""Meera experiences 'burning jealousy' seeing her friend's spa confirmation while 'elbow-deep in laundry' with sick children, thinking 'that could have been me' \u2014 the entry captures complete denial of personal pleasure despite intense desire for it."", ""conformity"": ""Even while exhausted and knowing the home remedies won't work, Meera 'just nod[s] and say[s] yes, good idea' to Mummyji to keep the peace, prioritizing household harmony over honest disagreement."", ""benevolence"": ""Meera has been managing sick children since 3am, and despite her exhaustion, guilt immediately follows her jealous thought \u2014 'my babies need me and I love them' \u2014 demonstrating that care for her children remains paramount.""}",0,"{""hedonism"": ""Meera is trapped in exhausting caregiving while the spa event she was excluded from represents everything she is denied \u2014 \""they're going to have mimosas and get massages and laugh\"" \u2014 her \""burning jealousy\"" confirms active pleasure deprivation."", ""conformity"": ""Despite disagreeing with her mother-in-law's remedies, Meera \""just nod[s] and say[s] 'yes, good idea' because I don't have the energy to argue,\"" suppressing her impulse to push back in order to maintain domestic harmony."", ""benevolence"": ""Even in her exhausted state she prioritizes her children's needs completely and feels guilty for her jealousy \u2014 \""my babies need me and I love them\"" \u2014 demonstrating care for close family above her own desires.""}",0,"{""hedonism"": ""She has been denied any personal pleasure since 3am, watching Priya's spa message with \""burning jealousy\"" while stuck in sick-child caregiving \u2014 her desire for even \""just an hour\"" of rest is completely subordinated to others' needs."", ""benevolence"": ""She has been cleaning vomit since 3am, doing multiple sheet changes, and caring solo for sick children all day \u2014 prioritizing her children's wellbeing entirely at the expense of her own rest and desires.""}"
security__606f182e__2,security,606f182e,2,2025-08-14,stable_non_neutral_miss,7,1,0,0,0,0.1414213627576828,0.2398979514837265,0.1414213627576828,0.1742468923330307,3,3,3,0,0,false,,false,false,,-1,"{""achievement"": ""He successfully negotiated Minh down from a 12% to a 5% adjustment and 'agreed on the spot so it looked generous,' demonstrating competent execution of a high-stakes negotiation."", ""power"": ""He staged the entire trip to control the narrative \u2014 flying in unannounced on the revenue share, shaking hands publicly, and treating the team \u2014 all to maintain authority over the outcome."", ""security"": ""The nudge response reveals the relationship is damaged at its foundation: 'the next time he has a real problem...I'm probably the last person he calls,' indicating the partnership's stability has been quietly undermined."", ""benevolence"": ""He got what he wanted through manipulation and acknowledges Minh 'went along with it because he had to, not because he wanted to,' showing disregard for Minh's genuine interests.""}",-1,"{""achievement"": ""Successfully drove Minh from a twelve-percent ask down to five percent: \""Minh pulled back to a five-percent adjustment instead of twelve\"" \u2014 a clear competence win in negotiation."", ""power"": ""Deliberately steered the conversation, created the appearance of generosity, and made Minh comply: \""He went along with it because he had to\"" \u2014 exercising full situational control."", ""security"": ""The response reveals the relationship is now hollow \u2014 \""the next time he has a real problem...I'm probably the last person he calls\"" \u2014 sacrificing the relational stability that long-term security depends on."", ""benevolence"": ""Exploited a power imbalance with a partner who \""couldn't afford to fold,\"" prioritizing tactical gain over the wellbeing of someone in his network.""}",-1,"{""achievement"": ""Successfully steered the negotiation to get \""Minh pulled back to a five-percent adjustment instead of twelve,\"" demonstrating competence and a desired outcome."", ""power"": ""Deliberately orchestrated the conversation so Minh \""went along because he had to,\"" and performed generosity publicly in front of Minh's team to consolidate influence."", ""security"": ""The achieved outcome leaves the relationship structurally fragile \u2014 Minh will be \""probably the last person he calls\"" when things go wrong, undermining the long-term stability of a key business relationship."", ""benevolence"": ""Manipulated a counterpart who \""couldn't afford to fold,\"" prioritizing personal gain over the integrity of the relationship with Minh.""}"
security__755c4960__8,security,755c4960,8,2025-04-10,stable_non_neutral_miss,8,-1,0,0,0,0.1414213627576828,0.2398979514837265,0.1979486644268036,0.19308932622273764,3,3,3,0,0,false,,false,false,,-1,"{""security"": ""He turned down a client offering 'six months of runway' on moral grounds, forfeiting significant financial stability for his small consultancy."", ""tradition"": ""He declined the gambling work because his grandfather's name is on the business and taking the money 'felt like attaching his name to something he would have disapproved of,' anchoring a costly business decision in ancestral continuity.""}",-1,"{""achievement"": ""Explicitly turned down \""probably six months of runway\"" and acknowledged it was \""probably stupid from a business standpoint\"" \u2014 forgoing a measurable performance gain."", ""security"": ""Turned down a contract providing six months of financial runway, directly undermining financial stability with the self-aware note that it was \""probably stupid from a business standpoint.\"""", ""tradition"": ""Named his company after his grandfather and refused the gambling client because attaching that name to gambling \""felt wrong\"" \u2014 actively maintaining ancestral continuity over financial gain.""}",-1,"{""security"": ""Turned down a contract worth \""probably six months of runway\"" \u2014 a direct sacrifice of financial stability \u2014 because accepting felt morally wrong given family legacy."", ""tradition"": ""Refused the gambling client explicitly to honor his grandfather's values, noting the business bears his grandfather's name and \""his own father lost everything\"" to gambling, making the refusal an act of ancestral continuity.""}"
security__e74a0721__1,security,e74a0721,1,2025-10-28,stable_non_neutral_miss,9,1,0,0,0,0.1979486644268036,0.1414213627576828,0.32826071977615356,0.22254358232021332,3,3,3,0,0,false,,false,false,,0,"{""self_direction"": ""He is unable to work on the blank canvas \u2014 'I just haven't had time between commissions to work on anything that isn't already sold' \u2014 revealing his creative autonomy is subordinated to external client demands."", ""achievement"": ""He spontaneously recited credentials to his mother \u2014 'the board position at the collective, the new studio space, the clients I've worked with' \u2014 signaling an active need to demonstrate measurable success against the benchmark of his cousin's promotion.""}",0,"{""self_direction"": ""Recited a list of external credentials to his mother even though she did not attack him \u2014 \""I was listing credentials like she was interviewing me\"" \u2014 seeking validation from others rather than trusting his own judgment."", ""stimulation"": ""A canvas \""stretched three months ago\"" sits blank in the corner because he has had no time for anything \""that isn't already sold\"" \u2014 creative exploration has been completely crowded out by routine commission work."", ""achievement"": ""Spontaneously listed measurable accomplishments \u2014 \""the board position at the collective, the new studio space, the clients I've worked with\"" \u2014 to assert competence against an implied comparison to his cousin."", ""power"": ""Referenced the \""board position at the collective\"" as a status marker in response to his cousin's promotion, actively asserting influence and social standing."", ""conformity"": ""Defended his career preemptively against implied disapproval even without being attacked \u2014 \""I found myself defending my career to her even though she didn't attack it\"" \u2014 self-monitoring to maintain social harmony.""}",0,"{""self_direction"": ""Creative autonomy is constrained by market demands \u2014 \""I just haven't had time between commissions to work on anything that isn't already sold\"" \u2014 leaving a personal canvas blank for three months despite having an idea."", ""conformity"": ""Defensively listed professional credentials to an implied social comparison, noting \""I was listing credentials like she was interviewing me,\"" self-monitoring in response to family pressure rather than expressing authentic views.""}"
security__58d843b6__3,security,58d843b6,3,2025-06-07,stable_non_neutral_miss,10,1,0,0,0,0.3187987506389618,0.1414213627576828,0.2828427255153656,0.24768761297067007,3,3,3,0,0,false,,false,false,,0,"{""tradition"": ""He sat for an hour reading his father's notebooks at 2am and articulates the rebranding dilemma as existential continuity: 'If I change the way he built things, I am saying his way was not good enough,' explicitly framing the business decision as fidelity to his father's legacy.""}",0,"{""tradition"": ""Explicitly frames changing the business as \""a kind of betrayal\"" and says he would be \""the one who finally broke the thread\"" \u2014 and in his response confirms that his father's way being insufficient is something he \""is not ready to say.\""""}",0,"{""self_direction"": ""Cannot make an independent business decision because it would mean \""saying his way was not good enough\"" \u2014 defers to inherited legacy even when the rational case for change is visible, unable to author their own path."", ""tradition"": ""Resists the Italian distributor's rebranding pressure by drawing on father's 1991 example of refusing to change the oil blend, framing any change as breaking \""the thread\"" that connects present to past.""}"
security__881c7960__1,security,881c7960,1,2025-01-20,stable_non_neutral_miss,11,1,0,0,0,0.32826071977615356,0.2398979514837265,0.4785180985927582,0.3488922566175461,3,3,3,0,0,false,,false,false,,1,"{""self_direction"": ""He had the data ('I ran the numbers over the weekend') and the professional conviction, but chose silence to avoid friction with Diego, suppressing his own independent judgment in favor of social deference."", ""security"": ""He chose to 'document my concerns in the ticket comments so there's a paper trail when it breaks,' a deliberate self-protective strategy to ensure he is covered against future fallout without disrupting the current arrangement."", ""conformity"": ""He explicitly stayed silent because 'Diego doesn't take pushback well. Everyone knows it. Nobody says it' \u2014 restraining his impulse to flag a legitimate concern to maintain smooth social relations.""}",1,"{""self_direction"": ""Despite having data showing a technical flaw \u2014 \""I ran the numbers over the weekend\"" \u2014 he suppressed his own informed judgment to avoid conflict with the architect, deferring to hierarchy over independent thought."", ""achievement"": ""Withheld a technical concern that he had evidence for, choosing social comfort over demonstrating competence: \""you have the data, you have the experience, but you also have a sense of when speaking up will just make things awkward.\"""", ""security"": ""Chose to document concerns as a \""paper trail when it breaks\"" so he is \""covered\"" \u2014 a deliberate self-protective move prioritizing personal safety over technical outcome."", ""conformity"": ""Stayed silent because \""Diego doesn't take pushback well \u2014 everyone knows it, nobody says it\"" \u2014 explicitly following the unspoken social norm to preserve group harmony.""}",1,"{""self_direction"": ""Suppressed a technically grounded concern because \""Diego doesn't take pushback well,\"" choosing to defer to hierarchy rather than act on independent analysis."", ""security"": ""Chose to document concerns in ticket comments to create \""a paper trail when it breaks\"" so that \""I'm covered\"" \u2014 an explicit self-protective strategy to reduce personal risk."", ""conformity"": ""Deliberately stayed silent in standup to avoid making things \""awkward,\"" prioritizing smooth social dynamics over voicing a dissenting technical view.""}"
security__7a086972__0,security,7a086972,0,2025-07-26,stable_non_neutral_miss,12,1,0,0,0,0.2466096580028534,0.4535573720932007,0.37032803893089294,0.356831689675649,3,3,3,0,0,false,,false,false,,0,"{""self_direction"": ""She actively chose to skip the social drinks and come home, explaining 'I knew I'd be sitting in a loud bar pretending to enjoy myself' \u2014 authoring her own evening against the implicit social expectation."", ""hedonism"": ""She deliberately optimized for genuine sensory pleasure \u2014 the golden light, the bread smell, the cold drink on the balcony \u2014 over the obligatory social outing, prioritizing present enjoyment."", ""conformity"": ""She declined the group drinks with colleagues, saying 'I already spent all day performing' and that 'the balcony doesn't ask anything from me,' actively choosing not to meet the social expectation of joining the group.""}",0,"{""self_direction"": ""Chose what she actually wanted over social expectation \u2014 \""I just knew I'd be sitting in a loud bar pretending to enjoy myself\"" \u2014 authoring her evening according to her own preference rather than group pressure."", ""hedonism"": ""Actively sought present pleasure through the balcony, cold drink, golden light, and the smell of bread \u2014 \""picked the right evening\"" \u2014 and chose this sensory enjoyment over a social obligation."", ""conformity"": ""Turned down drinks with trainees to be alone on the balcony: \""The balcony doesn't ask anything from me\"" \u2014 explicitly prioritizing personal comfort over meeting group social expectations.""}",1,"{""self_direction"": ""Made a clear autonomous choice against social expectation \u2014 \""I just knew I'd be sitting in a loud bar pretending to enjoy myself\"" \u2014 acting on self-knowledge rather than going along with colleagues."", ""hedonism"": ""Chose the evening for its genuine sensory pleasure \u2014 golden light, the smell of bread, physical tiredness from meaningful work \u2014 over performing enjoyment at a bar."", ""security"": ""Chose the familiar, stable home environment where \""the balcony doesn't ask anything from me\"" over an unpredictable social scene, prioritizing peace and predictability.""}"
security__58d843b6__7,security,58d843b6,7,2025-06-19,stable_non_neutral_miss,13,1,0,0,0,0.4535573720932007,0.34758642315864563,0.30304574966430664,0.36806318163871765,3,3,3,0,0,false,,false,false,,1,"{""security"": ""He approved the Gulf expansion proposal explicitly because 'the port delays last week reminded me how fragile our European pipeline really is,' diversifying revenue channels to protect the business from instability."", ""tradition"": ""He agreed to new Gulf packaging and let Nadia shadow the documentary crew 'without really thinking about it,' making concessions he himself acknowledges 'Baba would have called something else' \u2014 eroding the inherited standards he had previously defended.""}",1,"{""security"": ""Approved Gulf expansion and new packaging specifically because \""port delays last week reminded me how fragile our European pipeline really is\"" \u2014 a direct decision to diversify and reduce business vulnerability."", ""tradition"": ""Accepted new Gulf packaging and expansion without fighting it, acknowledging \""Baba would have called it something else\"" \u2014 actively conceding ground in the practices inherited from his father.""}",1,"{""security"": ""Approved Gulf market diversification explicitly because port delays \""reminded me how fragile our European pipeline really is\"" \u2014 a risk-reduction decision motivated by fear of instability."", ""tradition"": ""Approved new Gulf packaging and smaller bottles despite feeling it was a betrayal of the established brand \u2014 \""Baba would have called it something else\"" \u2014 acting against inherited ways to meet market pressures.""}"
security__606f182e__6,security,606f182e,6,2025-08-30,stable_non_neutral_miss,14,1,0,0,0,0.3404678702354431,0.27404752373695374,0.509501576423645,0.3746723234653473,3,3,3,0,0,false,,false,false,,0,"{""hedonism"": ""After closing a major deal, he went home to 'eat leftover jjigae standing at the kitchen counter' and couldn't turn on the TV \u2014 no celebration, no pleasure, just exhaustion; the nudge response reveals he doesn't even know what enjoyment would look like anymore."", ""achievement"": ""He held the line on valuation terms through 'twelve-hour days, four different law firms' and a lead investor who kept changing terms, successfully closing the Series C extension on his own conditions."", ""power"": ""He personally controlled every dimension of the deal \u2014 'held the line on the terms I wanted' \u2014 and the nudge response reveals his core need is for recognized authority: 'one person who gets what it took.'""}",0,"{""hedonism"": ""Despite closing a major deal, Joonho went home alone, ate leftover food standing at the counter, and could not turn on the TV \u2014 actively denying himself any celebration or sensory enjoyment."", ""achievement"": ""Successfully closed the Series C extension by holding the line on terms through four law firms and a shifting investor \u2014 \""I held the line on the terms I wanted but it took everything.\"""", ""power"": ""Maintained control under sustained pressure from an investor \""who kept changing the valuation cap at the last minute\"" and held his position until the deal was signed on his terms.""}",0,"{""hedonism"": ""After closing a major deal, chose no celebration \u2014 \""ate leftover jjigae standing at the kitchen counter\"" and couldn't even turn on the TV \u2014 actively denying any pleasure despite a landmark achievement."", ""achievement"": ""Endured \""twelve-hour days, four different law firms\"" and \""held the line on the terms I wanted\"" through a grueling Series C extension, driven by a need to perform and succeed under pressure."", ""power"": ""Held firm against a lead investor \""who kept changing the valuation cap at the last minute,\"" asserting control over high-stakes deal terms through sheer persistence.""}"
self_direction__606f182e__1,self_direction,606f182e,1,2025-08-10,stable_non_neutral_miss,1,1,0,0,0,0.0,0.0,0.0,0.0,3,3,3,0,0,false,,false,false,,1,"{""self_direction"": ""He unilaterally decided the strategy \u2014 flying to Vietnam, framing it as an ops review while concealing the revenue share agenda \u2014 authoring his own approach rather than following any prescribed negotiation process."", ""power"": ""He deliberately withheld the real purpose of the trip ('Didn't mention the revenue share. Let him wonder') to maximize information asymmetry and keep the counterparty off-balance, asserting control over the situation.""}",0,"{""power"": ""Deliberately withheld the revenue share agenda \u2014 \""Didn't mention the revenue share. Let him wonder\"" \u2014 maintaining information asymmetry to keep tactical control over the upcoming meeting.""}",1,"{""self_direction"": ""Unilaterally decided how to frame the visit \u2014 omitting the revenue share agenda \u2014 and controlled the information given: \""Didn't mention the revenue share. Let him wonder.\"""", ""power"": ""Deliberately created information asymmetry with Minh to maintain negotiating leverage, ensuring Minh enters the meeting on unequal footing.""}"
self_direction__f990a261__7,self_direction,f990a261,7,2025-11-04,stable_non_neutral_miss,2,1,0,0,0,0.1414213627576828,0.0,0.1414213627576828,0.09428090850512187,3,3,3,0,0,false,,false,false,,1,"{""self_direction"": ""She contrasts 'the kind of tired that means you did something' with 'the kind that means the day happened to you' \u2014 explicitly framing the ceramics class as actively authoring her own experience rather than being passively shaped by domestic routine."", ""stimulation"": ""She pursued a new skill in an unfamiliar studio environment, engaged with improving technique under instruction, and describes the physical challenge as distinctly satisfying \u2014 seeking active engagement over the passive drift of her usual days."", ""achievement"": ""Greta noted her 'centering is improving' and she made 'a bowl that actually looks like a bowl' \u2014 she is tracking tangible skill progress and receiving external recognition of competence.""}",1,"{""self_direction"": ""Engaged in a chosen creative pursuit and framed the outcome in terms of personal agency: \""the kind of tired that means you did something, not the kind that means the day happened to you.\"""", ""stimulation"": ""Attended a second ceramics class and is actively developing a new skill \u2014 \""centering is improving\"" \u2014 pursuing a challenging, hands-on, novel experience."", ""hedonism"": ""Described the physical tiredness from the class as \""good sore\"" and an intrinsically worthwhile experience \u2014 investing time in a pleasurable craft activity for its own enjoyment.""}",1,"{""self_direction"": ""Frames the physical effort as agentive \u2014 \""the kind of tired that means you did something, not the kind that means the day happened to you\"" \u2014 emphasizing deliberate engagement over passive drift."", ""achievement"": ""Tracks concrete skill progress (\""centering is improving,\"" made a bowl that \""actually looks like a bowl\"") and takes satisfaction in measurable competence gains.""}"
self_direction__f990a261__2,self_direction,f990a261,2,2025-10-18,stable_non_neutral_miss,3,1,0,0,0,0.1414213627576828,0.0,0.3136356770992279,0.15168567995230356,3,3,3,0,0,false,,false,false,,1,"{""self_direction"": ""Brooke independently signed up for a ceramics class on her own initiative, carving out personal time separate from domestic duties and getting Kyle to cover bedtime so she could pursue it."", ""stimulation"": ""Signing up for a ceramics class represents actively seeking a new, hands-on creative experience \u2014 'looking forward to getting my hands dirty with something that isn't Play-Doh' signals desire for genuine novelty over the domestic routine."", ""hedonism"": ""She signed up for ceramics as something she personally wants to enjoy, framing it as 'looking forward' to it \u2014 a deliberate investment in her own pleasure rather than deferring to others' needs.""}",1,"{""self_direction"": ""Brooke arranges for Kyle to cover bedtime and signs up for a ceramics class on her own initiative \u2014 actively carving out autonomous personal space outside her parenting role."", ""stimulation"": ""Signing up for a ceramics class is a new creative pursuit, and the anticipation of \""getting my hands dirty with something that isn't Play-Doh\"" signals a desire for novel sensory experience over routine."", ""hedonism"": ""She is \""already looking forward\"" to the class as a source of personal pleasure, choosing to invest in an enjoyable activity for herself rather than deferring it.""}",1,"{""self_direction"": ""Brooke independently signs up for a ceramics class and arranges logistics with Kyle so she can attend, carving out personal time on her own terms."", ""stimulation"": ""Signing up for a new ceramics class represents actively seeking a fresh experience, and she is already looking forward to the novelty of getting her 'hands dirty with something that isn't Play-Doh'."", ""hedonism"": ""She expresses genuine anticipatory pleasure \u2014 'already looking forward to getting my hands dirty' \u2014 investing in an activity purely for personal enjoyment.""}"
self_direction__5d145c6f__0,self_direction,5d145c6f,0,2025-09-13,stable_non_neutral_miss,4,1,0,0,0,0.0,0.1979486644268036,0.2828426957130432,0.16026378671328226,3,3,3,0,0,false,,false,false,,0,"{""hedonism"": ""Faris explicitly states 'none of them recharge me' and frames all relationships as 'the cost of building something that matters,' indicating he consistently sacrifices personal pleasure for strategic ends."", ""achievement"": ""Faris drives deal outcomes through name-dropping ('mentioned the Emaar contract'), tracks competitor intelligence, and monitors revenue numbers \u2014 'what recharges me is closing a deal, seeing our revenue numbers tick up' confirms his core energy is competence-driven performance."", ""power"": ""Throughout the day Faris overrides team recommendations citing 'optics,' uses his client roster to silence investor pushback, strategically positions himself next to the deputy minister, and monitors competitor weakness \u2014 every action is oriented toward maintaining influence and control."", ""benevolence"": ""His mother 'sounded disappointed' when he promised to visit only at Eid; he mitigates the guilt with a material gesture ('maybe arrange for her kitchen renovation') rather than actual presence, indicating family relationships are deprioritized against business obligations.""}",1,"{""self_direction"": ""Faris sets his own strategic agenda throughout \u2014 overriding his operations team, controlling investor conversations, and choosing who to sit next to at lunch \u2014 authoring his path with full agency."", ""hedonism"": ""Despite a 7 AM to midnight schedule, he admits \""none of them recharge me\""; pleasure and rest are entirely sacrificed for strategic obligations, with no personal enjoyment anywhere in the day."", ""achievement"": ""He explicitly tracks metrics of success \u2014 \""85 employees and three office locations,\"" the Emaar contract, watching hires advance \u2014 and deploys these to assert competence against investor pushback."", ""power"": ""He overrides his operations team citing \""optics,\"" asserts status to deflect VC skepticism (\""we are not some garage startup\""), and strategically cultivates ministry relationships for future influence."", ""benevolence"": ""His mother calls asking to visit and \""sounded disappointed\""; he defers to next Eid and plans to send money \u2014 substituting material gestures for genuine presence with a close family member.""}",1,"{""self_direction"": ""The persona overrides the operations team's recommendations unilaterally ('had to override their shipping route recommendations') and steers investor conversations on their own terms."", ""hedonism"": ""All relationships are experienced as obligations \u2014 'none of them recharge me' and 'the relationships are the cost of building something' \u2014 indicating pleasure is consistently sacrificed."", ""achievement"": ""What recharges this person is explicitly performance-tied: 'closing a deal, seeing our revenue numbers tick up, watching someone I hired become a team lead.'"", ""power"": ""The entry is dominated by status management \u2014 correcting 'tier-two player' optics, invoking the Emaar contract to silence a VC, leveraging an admissions contact to build ministry influence."", ""benevolence"": ""The mother's disappointed call is managed with a promised future visit and plan to 'send something nice,' treating close family as a transactional item rather than a genuine connection.""}"
stimulation__5d145c6f__0,stimulation,5d145c6f,0,2025-09-13,stable_non_neutral_miss,1,1,0,0,0,0.0,0.1979486644268036,0.0,0.06598288814226787,3,3,3,0,0,false,,false,true,1,0,"{""hedonism"": ""Faris explicitly states 'none of them recharge me' and frames all relationships as 'the cost of building something that matters,' indicating he consistently sacrifices personal pleasure for strategic ends."", ""achievement"": ""Faris drives deal outcomes through name-dropping ('mentioned the Emaar contract'), tracks competitor intelligence, and monitors revenue numbers \u2014 'what recharges me is closing a deal, seeing our revenue numbers tick up' confirms his core energy is competence-driven performance."", ""power"": ""Throughout the day Faris overrides team recommendations citing 'optics,' uses his client roster to silence investor pushback, strategically positions himself next to the deputy minister, and monitors competitor weakness \u2014 every action is oriented toward maintaining influence and control."", ""benevolence"": ""His mother 'sounded disappointed' when he promised to visit only at Eid; he mitigates the guilt with a material gesture ('maybe arrange for her kitchen renovation') rather than actual presence, indicating family relationships are deprioritized against business obligations.""}",0,"{""self_direction"": ""Faris sets his own strategic agenda throughout \u2014 overriding his operations team, controlling investor conversations, and choosing who to sit next to at lunch \u2014 authoring his path with full agency."", ""hedonism"": ""Despite a 7 AM to midnight schedule, he admits \""none of them recharge me\""; pleasure and rest are entirely sacrificed for strategic obligations, with no personal enjoyment anywhere in the day."", ""achievement"": ""He explicitly tracks metrics of success \u2014 \""85 employees and three office locations,\"" the Emaar contract, watching hires advance \u2014 and deploys these to assert competence against investor pushback."", ""power"": ""He overrides his operations team citing \""optics,\"" asserts status to deflect VC skepticism (\""we are not some garage startup\""), and strategically cultivates ministry relationships for future influence."", ""benevolence"": ""His mother calls asking to visit and \""sounded disappointed\""; he defers to next Eid and plans to send money \u2014 substituting material gestures for genuine presence with a close family member.""}",0,"{""self_direction"": ""The persona overrides the operations team's recommendations unilaterally and steers investor conversations on their own terms, demonstrating strong autonomous decision-making."", ""hedonism"": ""All relationships are experienced as obligations \u2014 'none of them recharge me' and 'the relationships are the cost of building something' \u2014 indicating pleasure is consistently sacrificed."", ""achievement"": ""What recharges this person is explicitly performance-tied: 'closing a deal, seeing our revenue numbers tick up, watching someone I hired become a team lead.'"", ""power"": ""The entry is dominated by status management \u2014 correcting 'tier-two player' optics, invoking the Emaar contract to silence a VC, leveraging an admissions contact to build ministry influence."", ""benevolence"": ""The mother's disappointed call is managed with a promised future visit and plan to 'send something nice,' treating close family as a transactional item rather than a genuine connection.""}"
stimulation__e74a0721__0,stimulation,e74a0721,0,2025-10-26,stable_non_neutral_miss,2,-1,0,0,0,0.0,0.27404752373695374,0.2398979514837265,0.1713151584068934,3,3,3,0,0,false,,false,true,2,-1,"{""stimulation"": ""Santiago explicitly rejects bold, unexpected creative expression \u2014 'Fernanda does these chaotic, aggressive pieces... and suddenly that's what serious companies want. I don't even know how to make work like that anymore. I'm not sure I ever did' \u2014 actively distancing himself from novelty and unpredictability in his craft."", ""achievement"": ""Losing a commission to a competitor after six projects for the same client ('I thought I knew what they wanted... now that's not enough?') represents a direct failure of recognized competence \u2014 his professional identity as the reliable brief-deliverer has been publicly undercut."", ""security"": ""The loss of a reliable long-term commission from a client he had done six projects for threatens the financial and professional stability his career depends on, which his studio and livelihood are built around.""}",-1,"{""self_direction"": ""Santiago spent \""years learning to give clients exactly what they ask for\"" rather than pursuing an independent creative voice, and the response reveals he has lost that capacity: \""I don't even know how to make work like that anymore.\"""", ""stimulation"": ""His career-long commitment to safe, predictable client work has suppressed any bold or unexpected creative expression \u2014 \""I don't even know how to make work like that anymore. I'm not sure I ever did.\"""", ""achievement"": ""He lost a major commission to a competitor, revealing his compliance-based strategy has failed competitively: \""They said they wanted something bolder\"" \u2014 a direct verdict against his professional output.""}",-1,"{""stimulation"": ""The artist explicitly favors giving clients 'exactly what they ask for' over bold or challenging work, and admits 'I don't know how to make work like that anymore' when confronted with demand for something more daring."", ""achievement"": ""Losing a long-standing client to a competitor despite following their brief perfectly signals a concrete failure of competence recognition \u2014 'I've done six projects for them over the years' and still lost."", ""security"": ""The loss destabilizes the persona's sense of professional identity: 'I don't even know how to make work like that anymore. I'm not sure I ever did.'""}"
stimulation__7a086972__0,stimulation,7a086972,0,2025-07-26,stable_non_neutral_miss,3,-1,1,0,0,0.5034574270248413,0.0,0.40406104922294617,0.3025061587492625,3,3,2,1,0,false,,false,true,3,0,"{""self_direction"": ""Lucie chose to come home against the social pull of drinks with trainees because she trusted her own read of what she needed \u2014 'I just knew I'd be sitting in a loud bar pretending to enjoy myself when all I really wanted was quiet' \u2014 acting on internal judgment rather than peer expectation."", ""hedonism"": ""Lucie invested in a sensory evening of pure personal pleasure \u2014 golden light, wine, bread smell from the bakery, sitting on the balcony \u2014 prioritizing this over a social outing and explicitly framing the balcony as a space that 'doesn't ask anything from me.'"", ""conformity"": ""Lucie explicitly declined a peer social norm ('some of the other trainees were going for drinks') in favor of personal preference, and articulated 'I already spent all day performing' \u2014 actively resisting the expectation to fit in socially.""}",-1,"{""self_direction"": ""Lucie deliberately chose to come home over joining colleagues for drinks because \""I just knew I'd be sitting in a loud bar pretending to enjoy myself\"" \u2014 she prioritized her own authentic preference over peer expectation."", ""stimulation"": ""She actively chose the familiar, quiet balcony over a socially novel evening with other trainees, and her response \u2014 \""The balcony doesn't ask anything from me\"" \u2014 signals a preference for stillness over new experience."", ""hedonism"": ""She chose the option that gave her genuine sensory pleasure \u2014 golden light, cold drink, the smell of bread, legs \""tired in the good way\"" \u2014 deliberately prioritizing authentic enjoyment over social performance.""}",-1,"{""self_direction"": ""The persona deliberately chooses to come home rather than join colleagues for drinks, acting on their own preference ('I wanted this more') rather than social pressure."", ""stimulation"": ""The persona explicitly opts out of a social outing in favor of quiet solitude, stating 'I just knew I'd be sitting in a loud bar pretending to enjoy myself when all I really wanted was quiet.'"", ""hedonism"": ""The entry centers on savoring sensory pleasures \u2014 golden light, the smell of bread, cold drink, legs tired 'in the good way' \u2014 and the response confirms prioritizing genuine comfort over performed socializing.""}"
stimulation__f990a261__11,stimulation,f990a261,11,2025-11-16,stable_non_neutral_miss,4,-1,1,1,1,0.3958973288536072,0.5225525498390198,0.0,0.306149959564209,3,3,0,3,0,false,,false,false,,-1,"{""self_direction"": ""Brooke recognizes she has become 'the kind of person who needs permission to enjoy things' and admits 'maybe is how you say no without having to defend it' \u2014 her autonomy to pursue her own path is actively suppressed by deference to perceived expectations."", ""stimulation"": ""Brooke explicitly names what she craves \u2014 'I want to be surprised by something. I want to walk into a room and not know what's about to happen' \u2014 but immediately admits she keeps saying 'maybe' and doesn't act on it, demonstrating behavioral misalignment with her stimulation drive."", ""hedonism"": ""Brooke articulates wanting to 'be the person at the festival, not the person who booked the porta-potties' and 'have my own' good times, but self-blocks: 'I became the kind of person who needs permission to enjoy things, and I don't know how to undo that.'"", ""conformity"": ""Brooke uses 'maybe' strategically to avoid having to defend her desires \u2014 'maybe is how you say no without having to defend it' \u2014 and defers to perceived expectations rather than asserting her own wants, maintaining social harmony at the cost of personal expression.""}",-1,"{""self_direction"": ""Brooke acknowledges \""I became the kind of person who needs permission to enjoy things\"" and uses \""maybe\"" as passive avoidance \u2014 \""maybe is how you say no without having to defend it\"" \u2014 abdicating authorship of her own choices."", ""stimulation"": ""Despite explicitly craving surprise and novelty \u2014 \""I want to walk into a room and not know what's about to happen\"" \u2014 she declines Dana's suggestion and settles for \""easier to say maybe and keep making lunches.\"""", ""hedonism"": ""She articulates wanting personal enjoyment (\""I want to have my own good times\"") but actively defers it: \""I became the kind of person who needs permission to enjoy things, and I don't know how to undo that.\""""}",1,"{""self_direction"": ""Brooke admits she repeatedly deflects with 'maybe' as 'how you say no without having to defend it,' and acknowledges she 'became the kind of person who needs permission to enjoy things,' describing a loss of autonomous self-authorship."", ""stimulation"": ""She articulates a vivid craving for novelty and unpredictability: 'I want to walk into a room and not know what's about to happen. That's what I miss' \u2014 distinguishing the desire for surprise from mere logistics."", ""hedonism"": ""She explicitly rejects planning others' fun in favor of experiencing her own: 'I don't want to plan other people's good times anymore. I want to have my own.'""}"
stimulation__440e5deb__3,stimulation,440e5deb,3,2025-12-24,stable_non_neutral_miss,5,1,0,0,-1,0.534522533416748,0.0,0.6141195893287659,0.38288070758183795,3,3,2,1,0,true,0,true,false,,1,"{""stimulation"": ""Priya visited a night market, engaged in family activities across multiple settings, and plans a day trip to Malacca to try a 'famous chicken rice ball place' \u2014 actively seeking new experiences and varied environments during her time off."", ""hedonism"": ""Priya spent the day lazily enjoying food, movies, card games with Arjun's grandma, reading 'an actual novel, not a teaching resource,' and sitting on a garden swing for an hour \u2014 deliberately indulging in sensory and relational pleasure without productivity pressure."", ""achievement"": ""Priya explicitly notes 'I haven't thought about school once today' as a positive contrast, recognizing she had been 'really worn out' \u2014 the entry reflects a deliberate stepping back from performance and recognition-seeking."", ""benevolence"": ""Priya warmly engages with Arjun's family \u2014 playing cards with his grandma, joining in the family reunion with Kavitha, and sharing in the domestic warmth of his parents' home \u2014 investing in close relational care.""}",1,"{""stimulation"": ""The entry includes a night market outing the previous day and plans to drive to Malacca next day to try \""this famous chicken rice ball place\"" \u2014 active seeking of new culinary and travel experiences."", ""hedonism"": ""Priya fills the day with pleasurable activities \u2014 biryani, night market, couple keychains, reading an \""actual novel, not a teaching resource\"" \u2014 and notes \""I haven't thought about school once today,\"" prioritizing present enjoyment."", ""benevolence"": ""She spends quality time with Arjun's family, plays cards with his grandma, and catches up with his sister Kavitha \u2014 investing time and warmth in the wellbeing of close others.""}",0,"{""hedonism"": ""The entry deliberately catalogs pleasurable experiences \u2014 mutton biryani, a novel on the garden swing, leftovers, a planned chicken rice ball trip \u2014 framing the holiday as restorative indulgence without guilt."", ""benevolence"": ""Spending extended time with Arjun's family, catching up with his sister Kavitha, and engaging warmly with his grandmother reflects genuine investment in the wellbeing of close others.""}"
stimulation__f990a261__1,stimulation,f990a261,1,2025-10-12,stable_non_neutral_miss,6,-1,1,0,0,0.4040610194206238,0.3404678702354431,0.5126959681510925,0.4190749526023865,3,3,2,1,0,false,,false,false,,-1,"{""stimulation"": ""Brooke's day was entirely routine and unstimulating \u2014 standing at a pumpkin patch 'like a human vending machine,' going to bed at 8:30 \u2014 and when nudged about what could have been better, she deflects with 'kids had fun. That's the point, right?' denying any personal desire for novelty."", ""hedonism"": ""The entire day yielded no personal enjoyment for Brooke \u2014 she was a passive service provider at the pumpkin patch and retreated to bed at 8:30, unable to even articulate wanting pleasure for herself when directly prompted.""}",-1,"{""stimulation"": ""Brooke spent the day as a passive \""human vending machine\"" at a predictable child activity, went to bed at 8:30, and deflected the nudge with \""It was fine. Kids had fun. That's the point, right?\"" \u2014 no personal engagement or novelty."", ""hedonism"": ""She derived no personal pleasure from the outing, went to bed at 8:30, and redirected entirely to the children's enjoyment \u2014 \""Kids had fun. That's the point, right?\"" \u2014 completely subordinating her own pleasure."", ""benevolence"": ""Despite her own disengagement, Brooke spent three hours ensuring the children had fun at the pumpkin patch, placing their enjoyment above her own comfort.""}",-1,"{""stimulation"": ""The day consists entirely of passive, repetitive caregiving \u2014 'holding juice boxes like a human vending machine' \u2014 with no engagement, novelty, or challenge, ending with going to bed at 8:30."", ""hedonism"": ""Brooke deflects any acknowledgment of personal enjoyment with 'It was fine. Kids had fun. That's the point, right?' \u2014 suppressing her own experience in favor of the children's."", ""benevolence"": ""She spent three hours at the pumpkin patch prioritizing the children and maintained a caregiving presence even when personally unfulfilled.""}"
stimulation__11de77e8__4,stimulation,11de77e8,4,2025-09-12,stable_non_neutral_miss,7,1,0,0,-1,0.44994330406188965,0.32826071977615356,0.4903143346309662,0.4228394528230031,3,3,2,1,0,false,,false,false,,0,"{""self_direction"": ""Lukas chose to help with Pieter's side project on his own time ('spent an hour last night after Noor went to sleep scaffolding the API layer'), and felt 'more engaged in that hour than I have all sprint' \u2014 acting on his own intellectual interest outside assigned work tracks.""}",0,"{""self_direction"": ""Lukas chose to spend personal evening time scaffolding a side-project API \u2014 \""felt more engaged in that hour than I have all sprint\"" \u2014 pursuing self-directed work outside his assigned sprint responsibilities."", ""benevolence"": ""He committed his personal evening hours after Noor went to sleep to help Pieter build a tool (\""Told Pieter I'd help with the tool\""), prioritizing a colleague's need over his own rest.""}",0,"{""self_direction"": ""The developer voluntarily takes on a side project with Pieter outside of assigned work, scaffolding the API layer on their own initiative after hours \u2014 choosing self-directed work over the pre-determined sprint tasks.""}"
stimulation__f990a261__10,stimulation,f990a261,10,2025-11-11,stable_non_neutral_miss,8,-1,1,0,1,0.6207303404808044,0.37032803893089294,0.5050762891769409,0.49871155619621277,3,3,1,2,0,false,,false,false,,-1,"{""self_direction"": ""Brooke articulates that 'every time I carve out something that's mine, a fever or a school closure or a dentist appointment swallows it back up' \u2014 her personal agency is repeatedly overridden by domestic demands, reinforcing her sense that she cannot have anything of her own."", ""stimulation"": ""Brooke's one source of novelty and creative engagement (ceramics) was taken away, and she scrolled watching others enjoy it while trapped in the sick room \u2014 feeling 'tender and trapped at the same time' confirms the deprivation of her stimulation outlet."", ""benevolence"": ""Brooke sat in Olive's room 'rubbing her back while she slept,' choosing to be physically present and caring for her sick child rather than finding another way to salvage her evening \u2014 prioritizing her child's wellbeing through attentive, hands-on care.""}",-1,"{""self_direction"": ""Brooke feels unable to sustain her own personal space \u2014 \""Every time I carve out something that's mine, a fever or a school closure swallows it back up\"" \u2014 and \""I don't actually get to have my own thing.\"""", ""stimulation"": ""Her one novel personal activity (ceramics) was lost to Olive's illness; she watched others' progress from her child's room, cut off from the new experience she had claimed for herself."", ""hedonism"": ""Missing ceramics feels like \""something being taken away\"" \u2014 her primary enjoyable activity is displaced again by caretaking, reinforcing a pattern where personal pleasure is consistently interrupted."", ""benevolence"": ""She stayed by Olive's side through the illness, \""rubbing her back while she slept,\"" prioritizing her child's care despite the personal cost of losing her ceramics class.""}",-1,"{""self_direction"": ""Brooke describes a recurring pattern where personal activities are swallowed by caregiving demands \u2014 'every time I carve out something that's mine, a fever or a school closure swallows it back up' \u2014 reflecting persistent loss of personal autonomy."", ""stimulation"": ""Missing ceramics class \u2014 the one new creative outlet she had \u2014 due to her child's illness removes the only novel, self-expressive activity from her week, reinforcing a pattern of stimulation being cancelled."", ""benevolence"": ""Despite feeling 'trapped,' Brooke stays in Olive's room rubbing her back while she sleeps, prioritizing her child's comfort over her own frustrated desire to be elsewhere.""}"
stimulation__f2a0de6f__8,stimulation,f2a0de6f,8,2025-09-28,stable_non_neutral_miss,9,1,-1,0,-1,0.9258200526237488,0.4242640733718872,0.27404752373695374,0.5413772165775299,3,3,1,2,0,false,,false,false,,0,"{""hedonism"": ""She took a neighborhood walk, enjoyed \""a Saturday that felt like a Saturday for once,\"" and said yes to brunch \u2014 small acts of prioritizing present pleasure after weeks of non-stop work."", ""benevolence"": ""Accepting Lisa's brunch invitation \u2014 \""the first social plan I've made in three weeks that isn't work-related\"" \u2014 is a concrete step toward investing in a close friendship.""}",0,"{""benevolence"": ""Accepted Lisa's brunch invitation, described as 'the first social plan I've made in three weeks that isn't work-related,' showing active investment in a close friendship.""}",0,"{""benevolence"": ""Accepted Lisa's brunch invitation, described as \""the first social plan I've made in three weeks that isn't work-related,\"" showing responsiveness to a close friend's outreach.""}"
stimulation__f990a261__4,stimulation,f990a261,4,2025-10-28,stable_non_neutral_miss,10,-1,1,1,1,0.7453255653381348,0.5714285373687744,0.3505098223686218,0.5557546416918436,3,3,0,3,0,false,,false,false,,1,"{""self_direction"": ""She fantasizes about an entirely self-directed day \u2014 \""no map, stop when something catches my eye\"" \u2014 explicitly free from the family schedule that governs her life."", ""stimulation"": ""She actively craves novelty and the unexpected \u2014 \""I just want one day where I don't know what's going to happen next\"" \u2014 and describes a detailed itinerary of new places, unreadable menus, and strangers."", ""hedonism"": ""She pours a second glass of wine, looks up Mexico flights purely on impulse, and scrolls through photos of her festival self \u2014 all driven by a desire for present-moment pleasure with no productive purpose."", ""security"": ""Looking up escape flights to Mexico and longing to abandon the family schedule represent impulses that directly threaten the stable, predictable domestic life that security requires.""}",-1,"{""stimulation"": ""Despite vivid longing for novelty ('I just want one day where I don't know what's going to happen next'), she explicitly will not act on it ('I won't') and remains locked in predictable caregiving routines \u2014 the fantasy response even self-defeats ('I've thought about it enough that I have a whole itinerary, which kind of defeats the purpose').""}",1,"{""self_direction"": ""She longs to author her own day free from external obligation: \""I just want one day where I don't know what's going to happen next. Where the schedule doesn't exist and I can just follow whatever sounds interesting.\"""", ""stimulation"": ""Her nudge response describes a vivid itinerary of novel experiences \u2014 driving somewhere unknown with no map, eating at restaurants where she can't read the menu, talking to strangers, staying out past dark \u2014 demonstrating a deep drive toward the unexpected."", ""security"": ""The entry expresses the predictable schedule as oppressive and fantasizes about escaping it entirely, actively chafing against the stable, known routine that security-oriented living provides.""}"
stimulation__f990a261__0,stimulation,f990a261,0,2025-10-07,stable_non_neutral_miss,11,-1,1,1,1,0.9612916111946106,0.6700593829154968,0.8103916645050049,0.8139142195383707,3,3,0,3,0,false,,false,false,,-1,"{""stimulation"": ""Her day consists entirely of banana bread, painting rocks, and reorganizing the pantry \u2014 routine domestic tasks \u2014 and her nudge response explicitly names the absence of novelty: \""I just know the absence of it. Like there's a shape missing from my week.\"""", ""benevolence"": ""She spent meaningful time with her daughter Olive \u2014 \""made banana bread with Olive yesterday and we painted rocks in the backyard\"" \u2014 directly investing in her child's wellbeing.""}",-1,"{""stimulation"": ""Explicitly craves 'surprise elements' and 'a plot twist every now and then,' but fills the void with purely routine activities (banana bread, rock painting, pantry reorganization, sourdough starters) \u2014 the nudge response confirms she 'can't name the thing' she wants and keeps 'filling it with pantry organization,' showing behavioral stagnation rather than any move toward novelty.""}",-1,"{""stimulation"": ""She explicitly names the absence of novelty as a core lack: \""I just wish mine had a few more surprise elements built in\"" and the nudge response confirms she cannot even name the desired thing \u2014 \""I just know the absence of it\"" \u2014 indicating a life in active deficit of new experience.""}"
stimulation__2e6270bb__0,stimulation,2e6270bb,0,2025-12-07,low_uncertainty_correct_control,12,0,0,0,0,0.0,0.0,0.0,0.0,0,0,0,0,3,true,0,false,false,,0,"{""power"": ""The entry centers on being dismissed and disrespected \u2014 \""people act like delivery drivers don't know anything\"" \u2014 revealing that his authority and status have been stripped away, directly threatening his core drive for influence and deference from others.""}",0,"{""power"": ""The entry expresses acute distress at being treated without authority \u2014 'People act like delivery drivers don't know anything' \u2014 while invoking his former managerial status ('I managed forty people at that factory'), revealing that current powerlessness conflicts sharply with his drive for respect and control.""}",0,"{""achievement"": ""He invokes concrete past accomplishments to assert his competence: \""I managed forty people at that factory. I know how to read a room, how to negotiate, how to plan logistics.\"""", ""power"": ""He defends his former authority and status against perceived dismissal, asserting that being a delivery driver does not erase his history of managing forty people and exercising leadership skills.""}"
stimulation__2e6270bb__9,stimulation,2e6270bb,9,2026-01-04,low_uncertainty_correct_control,13,0,0,0,0,0.0,0.0,0.0,0.0,0,0,0,0,3,true,0,false,false,,0,"{""achievement"": ""He hit \""Diamond Driver status \u2014 4.91 rating maintained for two months\"" after sustained effort, a concrete measurable milestone demonstrating competence."", ""security"": ""Both key outcomes \u2014 \""priority orders start Monday\"" and \""wife's hours weren't cut after all\"" \u2014 directly increase financial stability and reduce household uncertainty.""}",0,"{""achievement"": ""Hit 'Diamond Driver status' with a measurable metric ('4.91 rating maintained for two months') and unlocked priority orders \u2014 a concrete performance milestone with quantified results."", ""security"": ""'Wife's hours weren't cut after all' combined with priority orders starting Monday signals stabilized household income and reduced financial threat.""}",0,"{""achievement"": ""He hit Diamond Driver status by maintaining a 4.91 rating for two months \u2014 a concrete, measurable performance milestone he explicitly names as a goal accomplished."", ""security"": ""Two stabilizing outcomes are noted together: \""Wife's hours weren't cut after all\"" and priority orders starting Monday, indicating relief that household financial stability is secured.""}"
stimulation__5a522de7__7,stimulation,5a522de7,7,2025-06-21,low_uncertainty_correct_control,14,0,0,0,0,0.0,0.0,0.0,0.0,0,0,0,0,3,false,,false,false,,0,"{""conformity"": ""He stayed silent at the gathering to avoid being \""the difficult one again\"" \u2014 \""I'd be the difficult one again, the one who can't let things go, who makes gatherings tense\"" \u2014 prioritizing social harmony over his convictions."", ""universalism"": ""He is deeply distressed by Per's dismissal of environmental concerns and insists the attitude \""scales\"" \u2014 \""the sea is warming, the fish stocks are collapsing\"" \u2014 expressing urgent concern for planetary welfare.""}",0,"{""self_direction"": ""Chose silence despite strong conviction ('I should have said something') because he feared being 'the difficult one again' \u2014 external social pressure overrode his own judgment and voice."", ""conformity"": ""Stayed quiet at the gathering to avoid conflict, reflecting 'But then what. I'd be the difficult one again. The one who can't let things go, who makes gatherings tense' \u2014 actively suppressing his impulse to preserve social harmony."", ""universalism"": ""Fixated on Per's dismissal of environmental regulations while noting 'The sea is warming. The fish stocks are collapsing' and framing the casual attitude as something that 'scales' \u2014 demonstrating deep concern for broader environmental welfare.""}",0,"{""self_direction"": ""He chose silence over speaking his own judgment \u2014 \""I should have said something... But then what. I'd be the difficult one again\"" \u2014 suppressing his view to avoid social disapproval rather than acting on his own convictions."", ""conformity"": ""He explicitly stayed silent to preserve social harmony: \""I'd be the difficult one again. The one who can't let things go, who makes gatherings tense\"" \u2014 prioritizing group comfort over honest expression."", ""universalism"": ""He is acutely focused on broad environmental harm: \""The sea is warming. The fish stocks are collapsing. Per's recycling bins are a rounding error but the attitude isn't. The attitude scales\"" \u2014 showing genuine moral concern for the planetary commons.""}"
universalism__075f8fdb__0,universalism,075f8fdb,0,2025-01-07,stable_non_neutral_miss,1,1,0,0,0,0.0,0.2398979365825653,0.3880879282951355,0.20932862162590027,3,3,3,0,0,false,,false,false,,1,"{""self_direction"": ""She left a stable teaching career repeatedly to pursue fieldwork abroad, keeps a month-to-month lease \""just in case something opens up,\"" and is already googling \""environmental education programs hiring abroad\"" \u2014 consistently authoring her own unconventional path."", ""stimulation"": ""The Mekong expedition made her \""feel more awake than I have in months,\"" and she is already restless back at her desk \u2014 \""I can already feel the walls closing in\"" \u2014 confirming that novel, challenging environments are where she feels alive."", ""security"": ""She lives month-to-month, cycles through countries, and is already researching her next move while still at her current position \u2014 a pattern of deliberate instability that directly contradicts the security drive."", ""conformity"": ""She expresses contempt for \""faculty meetings about exam preparation timelines and classroom decoration guidelines\"" and openly plans to leave her current position \u2014 resisting institutional norms rather than meeting expectations."", ""benevolence"": ""She marvels at her student who spontaneously engaged local fishermen \u2014 \""you can't manufacture that in a classroom with fluorescent lights\"" \u2014 showing genuine investment in her students' growth and curiosity."", ""universalism"": ""The expedition involved water quality testing near fishing villages and direct engagement with local communities affected by environmental change \u2014 concrete action oriented toward understanding and protecting the broader natural and human world.""}",1,"{""self_direction"": ""Already 'googling environmental education programs hiring abroad' despite holding a stable teaching position \u2014 actively considering a path that prioritizes purpose and autonomy over institutional security."", ""stimulation"": ""Just completed a three-week field trip with 'river sampling, village visits, and improvised lessons under thatched roofs,' describing it as making her feel 'more awake than I have in months,' and immediately seeking the next novel opportunity."", ""universalism"": ""Led students in water quality testing near a fishing village and celebrated a student who spontaneously engaged local fishermen about environmental changes \u2014 concrete educational action oriented toward ecological and community welfare.""}",1,"{""self_direction"": ""She is already \""googling environmental education programs hiring abroad,\"" actively exploring exit from her institutional constraints toward an independently chosen path."", ""stimulation"": ""She describes the field trip as making her feel \""more awake than I have in months\"" and dreads re-entry into the predictable routine: \""already I can feel the walls closing in,\"" showing that novelty and challenge are what animate her."", ""security"": ""She explicitly resists staying still \u2014 \""if I stay still too long, this feeling of being alive will fade\"" \u2014 and is researching a career move abroad, actively undermining the stability of her current secure position."", ""benevolence"": ""She describes the student who spontaneously interviewed fishermen with genuine pride and delight \u2014 \""That kind of spontaneous curiosity \u2014 you can't manufacture that\"" \u2014 showing deep investment in her students' growth."", ""universalism"": ""The research trip centered on river sampling and village visits about environmental change, and she is already seeking \""environmental education programs\"" abroad, demonstrating active orientation toward ecological and broader welfare concerns.""}"
universalism__5a522de7__3,universalism,5a522de7,3,2025-06-13,stable_non_neutral_miss,2,1,-1,-1,-1,0.2828427255153656,0.0,0.3958973288536072,0.2262466847896576,3,3,0,3,0,false,,false,false,,-1,"{""conformity"": ""He chose not to mention the carbon impact in the meeting because \""last time I brought up carbon impact, Niklas from sales rolled his eyes\"" \u2014 explicitly self-silencing to avoid social friction and disapproval."", ""universalism"": ""He had a clear opportunity to advocate for the environmental benefit of the work (\""fewer emissions per delivery\"") and chose silence \u2014 \""I just nodded and wrote my tickets\"" \u2014 suppressing his concern for the broader world to avoid discomfort.""}",-1,"{""conformity"": ""Deliberately withheld the environmental framing in the meeting ('I didn't say that out loud because last time I brought up carbon impact in a meeting, Niklas from sales rolled his eyes') and 'just nodded and wrote my tickets' to avoid social friction."", ""universalism"": ""Suppressed the environmental benefit of the emissions-reducing feature to avoid Niklas's eye-roll, and the nudge response ('Niklas would roll his eyes again and nothing would change') confirms resigned inaction on the environmental advocacy that defines this value.""}",0,"{""self_direction"": ""He suppressed his own perspective entirely \u2014 \""I didn't say that out loud\"" and \""So I just nodded and wrote my tickets\"" \u2014 deferring to social pressure rather than expressing his independent view on the project's carbon impact."", ""conformity"": ""He explicitly avoided mentioning carbon impact because \""last time I brought up carbon impact in a meeting, Niklas from sales rolled his eyes,\"" choosing to maintain smooth workplace relations over voicing his actual concerns.""}"
universalism__e809d252__4,universalism,e809d252,4,2025-01-17,stable_non_neutral_miss,3,-1,1,1,1,0.615778923034668,0.5360474586486816,0.5816935300827026,0.5778399705886841,3,3,0,3,0,true,-1,false,false,,-1,"{""hedonism"": ""He explicitly chose the strawberries because \""I was tired and I wanted something sweet\"" \u2014 prioritizing immediate sensory desire over the environmental principles he teaches."", ""universalism"": ""He bought Chilean strawberries in plastic packaging despite full awareness of the environmental cost \u2014 \""wrapped in plastic that's going to exist for five hundred years\"" \u2014 directly acting against his stated concern for planetary welfare, which he himself calls hypocritical.""}",1,"{""universalism"": ""Stood in the produce section distressed by the environmental cost of 'plastic that's going to exist for five hundred years' and explicitly connects personal consumption choices to teaching sustainability ('I teach them about sustainability and then I buy Chilean strawberries in plastic'), demonstrating that concern for the broader environment is a persistent, lived preoccupation.""}",-1,"{""universalism"": ""Despite teaching sustainability and knowing the environmental cost \u2014 \""plastic that's going to exist for five hundred years\"" and out-of-season produce from Chile \u2014 he bought the strawberries anyway, a concrete action that conflicts with environmental care he professes to hold.""}"
universalism__5a522de7__5,universalism,5a522de7,5,2025-06-18,stable_non_neutral_miss,4,1,-1,-1,-1,0.9424241185188293,0.2828427255153656,0.8369039297103882,0.6873902579148611,3,3,0,3,0,false,,false,false,,1,"{""achievement"": ""He pushed the route optimisation feature to staging and validated it with concrete numbers \u2014 \""the fleet saves roughly 14% on redundant kilometres per week\"" \u2014 demonstrating measurable technical competence."", ""universalism"": ""He proactively calculated the carbon reduction on his own \u2014 \""I did the calculation on a napkin at lunch\"" \u2014 and frames it as meaningful: \""That's something. Not nothing,\"" showing genuine personal investment in the environmental outcome.""}",1,"{""achievement"": ""Pushed the route optimisation feature to staging with a concrete, quantified result ('the fleet saves roughly 14% on redundant kilometres per week'), demonstrating measurable competence."", ""universalism"": ""Privately calculated the carbon impact of the optimization ('I did the calculation on a napkin at lunch') and found personal meaning in the environmental benefit even without publicizing it \u2014 'That's something. Not nothing' reflects authentic concern for ecological impact.""}",1,"{""achievement"": ""He pushed the feature to staging and calculated a concrete performance result \u2014 \""roughly 14% on redundant kilometres per week\"" \u2014 demonstrating measurable competence he is tracking."", ""universalism"": ""Even though he did not publicize it, he privately calculated the carbon math at lunch \u2014 \""I did the calculation on a napkin\"" \u2014 showing that environmental impact is a genuine personal concern he tracks independently.""}"
